HHA,NF
NF,NF
LFF,LFF
NF,NF
NF,NF
NF,NF
NF,NF
LFF,LFF
LFF,NF
NF,LHAF
LFF,LFF
NF,NF
NF,NF
FF,LFF
LFF,NF
NF,NF
NF,NF
NF,LHAF
FF,LFF
NF,NF
LFF,LFF
NF,NF
LFF,LHAF
HAF,LHAF
NF,LFF
NF,NF
NF,NF
NF,FF
NF,NF
LFF,LFF
NF,NF
LFF,NF
NF,NF
NF,NF
LFF,NF
LHAF,LHAF
NF,NF
NF,NF
NF,NF
LFF,NF
LFF,LFF
LFF,NF
LFF,NF
LFF,LFF
NF,NF
NF,LFF
NF,NF
LFF,NF
LFF,NF
NF,NF
NF,NF
NF,NF
LFF,LFF
LFF,LFF
NF,NF
NF,NF
NF,NF
LFF,NF
NF,NF
LFF,NF
,
,
,
NF,NF
NF,NF
LHAF,LHAF
NF,NF
NF,NF
NF,NF
NF,NF
NF,NF
NF,NF
LFF,LFF
NF,NF
NF,NF
NF,NF
FF,FF
LFF,NF
,
NF,NF
NF,NF
,
LFF,FF
NF,NF
NF,NF
NF,NF
NF,LFF
NF,NF
,
NF,NF
FF,LFF
LFF,NF
NF,NF
LHAF,NF
NF,NF
NF,NF
LHAF,NF
NF,NF
NF,NF
LFF,NF
LFF,LFF
NF,LFF
LFF,LFF
NF,NF
NF,NF
NF,NF
NF,NF
NF,NF
NF,NF
NF,NF
NF,NF
NF,LFF
NF,NF
NF,NF
NF,NF
NF,NF
LFF,NF
LFF,NF
LFF,NF
NF,LFF
NF,NF
LFF,NF
NF,NF
,
NF,NF
,
NF,NF
HFF,FF
NF,FF
,
LHAF,NF
LHAF,NF
NF,NF
LHAF,NF
FF,LFF
LFF,NF
LFF,LFF
NF,NF
NF,NF
LFF,LFF
LFF,NF
NF,NF
NF,NF
NF,NF
LFF,LFF
NF,NF
LFF,LFF
NF,NF
NF,NF
NF,NF
NF,NF
NF,NF
NF,NF
LFF,NF
NF,NF
NF,NF
NF,NF
NF,NF
LFF,NF
NF,NF
HAF,NF
,
NF,NF
LFF,LFF
NF,NF
NF,NF
HAF,LHAF
LHAF,NF
NF,NF
NF,LFF
NF,NF
NF,NF
NF,NF
,
,
,
NF,NF
NF,LFF
NF,NF
NF,NF
NF,NF
NF,NF
NF,LFF
NF,LHAF
NF,NF
LFF,NF
LFF,NF
NF,NF
NF,NF
NF,NF
LHAF,NF
NF,NF
NF,NF
NF,FF
NF,NF
LFF,NF
NF,LHAF
NF,NF
NF,NF
LFF,LFF
NF,NF
FF,NF
NF,NF
NF,LFF
NF,NF
NF,NF
NF,NF
LHAF,LHAF
NF,NF
NF,LFF
LFF,NF
NF,NF
HAF,LHAF
NF,NF
NF,NF
LFF,NF
NF,NF
LFF,NF
NF,LFF
LFF,NF
NF,NF
NF,NF
NF,NF
NF,NF
NF,NF
